{"cameraMode":{"drawMode":0,"name":"Shaded","section":"Shading Mode"},"sceneLighting":false,"audioPlay":false,"sceneViewState":{"m_AlwaysRefresh":false,"showFog":true,"showSkybox":false,"showFlares":true,"showImageEffects":true,"showParticleSystems":true,"showVisualEffectGraphs":true,"m_FxEnabled":true},"in2DMode":false,"pivot":{"x":0.02559688687324524,"y":0.23117555677890778,"z":0.019331399351358415},"rotation":{"x":0.07693063467741013,"y":-0.8734973073005676,"z":0.14679445326328278,"w":0.45776990056037905},"size":0.2952931821346283,"orthographic":false}