{"cameraMode":{"drawMode":0,"name":"Shaded","section":"Shading Mode"},"sceneLighting":true,"audioPlay":false,"sceneViewState":{"m_AlwaysRefresh":false,"showFog":true,"showSkybox":true,"showFlares":true,"showImageEffects":true,"showParticleSystems":true,"showVisualEffectGraphs":true,"m_FxEnabled":true},"in2DMode":false,"pivot":{"x":496.6056823730469,"y":0.19474491477012635,"z":1.4457571506500245},"rotation":{"x":0.0007575327763333917,"y":-0.960089385509491,"z":0.2797175943851471,"w":0.0026064561679959299},"size":8.252315521240235,"orthographic":false}