{"cameraMode":{"drawMode":0,"name":"Shaded","section":"Shading Mode"},"sceneLighting":false,"audioPlay":false,"sceneViewState":{"m_AlwaysRefresh":false,"showFog":true,"showSkybox":false,"showFlares":true,"showImageEffects":true,"showParticleSystems":true,"showVisualEffectGraphs":true,"m_FxEnabled":true},"in2DMode":false,"pivot":{"x":0.00818991381675005,"y":0.015402743592858315,"z":-0.0005884250276722014},"rotation":{"x":0.04067760705947876,"y":0.9410127997398377,"z":-0.1223699301481247,"w":0.3128713369369507},"size":0.0402832105755806,"orthographic":false}